id,masterList,item,imprestQuantity
D3E1F1B637E84E4993CF6CAC3F10CE62,<MasterList>{0},<Item>{2},0
2B03C53C1CBFE841ADB89A0D20588E62,<MasterList>{0},<Item>{3},0
5AE266BCD5A40A45B877439E27159B17,<MasterList>{0},<Item>{4},0
53D47A5A32FD8E4D953298D974CBF2BA,<MasterList>{0},<Item>{5},0
3BAC0D74AEC46849867A26424DECEF7F,<MasterList>{0},<Item>{6},0
440C93BA55C8204D8C16F705A19D954F,<MasterList>{0},<Item>{7},0
3ADA8B1D9763DF45AE244C6AEC77ACC6,<MasterList>{0},<Item>{8},0
1847DC0608EDDC448C72E29B90387F1A,<MasterList>{0},<Item>{9},0
964B63A6977AC3429A17310037FB4319,<MasterList>{0},<Item>{10},0
25E72E32233E6243BE9A377ABB3C55FF,<MasterList>{0},<Item>{11},0
0E163852C429A3479734E90F74370E5F,<MasterList>{0},<Item>{12},0
E891CD2325B24A4498315BEB17363457,<MasterList>{0},<Item>{13},0
7F0FF3ACE067ED40AF824E38022ECB6C,<MasterList>{0},<Item>{14},0
31F945590619C247A757DA65BF25048A,<MasterList>{0},<Item>{15},0
4415B09FE6DC344284F163E09E7BD027,<MasterList>{0},<Item>{16},0
CD401DB35123434AA8BD0A3CF4DA2BB5,<MasterList>{0},<Item>{17},0
F20A8335CD839740B896EAEC12521C24,<MasterList>{0},<Item>{18},0
D291032B55E8694CBCF34628AA597291,<MasterList>{0},<Item>{19},0
3A72C2737FC33E43B030D07BE678297A,<MasterList>{0},<Item>{20},0
49A83EAA3E78D647BD73690EDFEAEF78,<MasterList>{0},<Item>{21},0
7E6473A4E8D79C458903BEDABC22B0A9,<MasterList>{0},<Item>{22},0
240C95F4732B7F468D79D7C01852CCBA,<MasterList>{0},<Item>{23},0
BE26431C79EEFC47A4E829029798C505,<MasterList>{0},<Item>{24},0
C4CCF06067D3994B992271A2CAA786BE,<MasterList>{0},<Item>{25},0
942F885488911C4292551C4BF7E1A765,<MasterList>{0},<Item>{26},0
3BE1660A05710048A1F47D5388349B39,<MasterList>{0},<Item>{27},0
639F3DE497D0E74BA41A1294A256E955,<MasterList>{0},<Item>{28},0
209D0893AA903643826AC7C695594677,<MasterList>{0},<Item>{29},0
D65BA6D207D3594A863828BEE0495EB4,<MasterList>{0},<Item>{30},0
3974BBDB9A15BF49BF6CAFA199F07495,<MasterList>{0},<Item>{31},0
F874A2BBE125FA42A1BAE292510B7D83,<MasterList>{0},<Item>{32},0
80AE268EFAC2374B8EF998FB3B68F2CA,<MasterList>{0},<Item>{33},0
7E152D492FDDFC4B99B80381FA554210,<MasterList>{0},<Item>{34},0
7EECAE8E00D0AE418A7DE5663E4BC7FA,<MasterList>{0},<Item>{35},0
68B01D4ACBD04844A15D7C83F0460EBC,<MasterList>{0},<Item>{36},0
A2A8836EBA1C304981DBAB99153A5652,<MasterList>{0},<Item>{37},0
8C1D774892D83D49AAE3FD38D4A268BA,<MasterList>{0},<Item>{38},0
1AFDB042FC9C46438D3EEEA8D138EC49,<MasterList>{0},<Item>{39},0
B14E67B489C11A4AB03237C7B214888C,<MasterList>{0},<Item>{40},0
906E96BD6DF91F488ACA8FB02A42AD1C,<MasterList>{0},<Item>{41},0
266A123D2307E4408A0043803478DB16,<MasterList>{0},<Item>{42},0
F63A628B43953147A9337E79034520B5,<MasterList>{0},<Item>{43},0
FB7D94927AA4FE44B3060D9FA926B8FB,<MasterList>{0},<Item>{44},0
3467A9DE817D8E429534AEF6128E7731,<MasterList>{0},<Item>{45},0
5E462222B9603448A9D1C6BD898ECF54,<MasterList>{0},<Item>{46},0
0C09C509DAA40B47B6AC6C0295C3F4A5,<MasterList>{0},<Item>{47},0
75294E2D1969B44C864286CB56FC4791,<MasterList>{0},<Item>{48},0
B373612765580F458BD431E81A4DC1BD,<MasterList>{0},<Item>{49},0
DEB58D0146D2284BABE71447BACE9A86,<MasterList>{0},<Item>{50},0
6740F6D90FD9144483A35E4B3E8FBE52,<MasterList>{0},<Item>{51},0
DC9143F1634EDD4EBDE5A24B59F86AD3,<MasterList>{0},<Item>{52},0
A382D8FC702B784AAC14ED1F14C13E4A,<MasterList>{0},<Item>{53},0
E2DB0464CC2F5944A5503B0CBACBF5AE,<MasterList>{0},<Item>{54},0
70665C03733260459555400F9AB99861,<MasterList>{0},<Item>{55},0
CD1B2BD611A3254D82AF0C7707B7B098,<MasterList>{0},<Item>{56},0
AC23B76723CDFE448F53C53F1DB14711,<MasterList>{0},<Item>{57},0
91215FA6DB88A24C85B2C8BEECC556D5,<MasterList>{0},<Item>{58},0
8A8BF268FF0B07418C39DDA5E1BFA9C4,<MasterList>{0},<Item>{59},0
00D06B7C2529D04CA6598EA4F49641A6,<MasterList>{0},<Item>{60},0
51011D5180063A4CA339ECDD05666D75,<MasterList>{0},<Item>{61},0
0373290D332F1541A1F64585625C858D,<MasterList>{0},<Item>{62},0
724186A79997C5469C8728D17BF509DD,<MasterList>{0},<Item>{63},0
4B426868EE29E348B167E261E5695994,<MasterList>{0},<Item>{64},0
685776DD405E044EA790E47955AEDE40,<MasterList>{0},<Item>{65},0
4A235633BA2B9747BB7BAF143BAFA468,<MasterList>{0},<Item>{66},0
108B01B9BEA8D743BD151228F92D8855,<MasterList>{0},<Item>{67},0
5918C7DA809B9449A500A86D13684296,<MasterList>{0},<Item>{68},0
C639CA8078C2C1428896CF7580FBD376,<MasterList>{0},<Item>{69},0
030D6D6C4A78C14FB90A00DCA3ABEE0D,<MasterList>{0},<Item>{70},0
B7DAB1A701CDF34D9559813AC8952D60,<MasterList>{0},<Item>{71},0
F84B7334A29B9E4E88AB8C3862B81C9C,<MasterList>{0},<Item>{72},0
96604FB4B7A5364EAD7E5894FFA026FF,<MasterList>{0},<Item>{73},0
2CD081A784D5EE44B17B3032BECE0C93,<MasterList>{0},<Item>{74},0
F3864C62457C994CA776717E3F41DAD8,<MasterList>{0},<Item>{75},0
0B13B637FB928846B22C49D158824E86,<MasterList>{0},<Item>{76},0
EB10688FC6EA674D92694A31A8C1702B,<MasterList>{0},<Item>{77},0
873FB9940D190B44B5DE6F03AD87F92E,<MasterList>{0},<Item>{78},0
7BCDCED7F57E1B49BF6581F29B7FC006,<MasterList>{0},<Item>{79},0
153E41CC9EAFB348BFC974D722424886,<MasterList>{0},<Item>{80},0
B114F2D9161C774FB1F793B145CD186A,<MasterList>{0},<Item>{81},0
3AC6272D90EB6644B6D3943953328425,<MasterList>{0},<Item>{82},0
4452DE91AC5910429EB757D1EC2EFF7E,<MasterList>{0},<Item>{83},0
C4F99F6D0F1B0045B714AB9ED4319D8E,<MasterList>{0},<Item>{391},0
7BE2B69BB932DA45B6653FD9DFF3F2C3,<MasterList>{0},<Item>{85},0
30AC4A8FEBEABA4CAE7FEDA9FADA6CB8,<MasterList>{0},<Item>{86},0
02EBE3B0277F2E4C9CC7E9442A3DE2C4,<MasterList>{0},<Item>{87},0
04E0F45DD4D7C5458E47E5CA74CEC11F,<MasterList>{0},<Item>{88},0
8847852138EBDB439515F80A8BD7149B,<MasterList>{0},<Item>{89},0
C72BF387124C324AAD5A2258DA9503A8,<MasterList>{0},<Item>{90},0
E8BA049CD7E2E542AB55CD661E115066,<MasterList>{0},<Item>{91},0
32844976BED9D442BF2317642F71C2AE,<MasterList>{0},<Item>{92},0
B416AEC7A1FFED4CB1972D377C614501,<MasterList>{0},<Item>{93},0
777C7F8B6B8FE0479BBCD4485210E1CA,<MasterList>{0},<Item>{94},0
F68BC34D9C18CE4F8DA094B6148E2039,<MasterList>{0},<Item>{95},0
AA2EEFB59D4862408D1983D2D4493698,<MasterList>{0},<Item>{96},0
16A93680EB807846B34160B6B70E794E,<MasterList>{0},<Item>{97},0
4B09A8BCA799C943A09CACA4DCE9BB83,<MasterList>{0},<Item>{98},0
68CBA531F4C5F44E87C04A6DBC4B85E0,<MasterList>{0},<Item>{99},0
AE6D31AA34980748A1641D2EBF4BAB94,<MasterList>{0},<Item>{100},0
59BB9580905F394D8F2025860AB8484A,<MasterList>{0},<Item>{101},0
6F3867D670FBED40BA1F69EAF9A4347C,<MasterList>{0},<Item>{102},0
32FF17E50C07934FADEE59805D23878A,<MasterList>{0},<Item>{103},0
BFFE00A2AF7149438135F92918092567,<MasterList>{0},<Item>{104},0
C55E83552EA59345B6ACEA66A1718B23,<MasterList>{0},<Item>{105},0
33E7DC72761EDC40A88CBC43D2AB4798,<MasterList>{0},<Item>{106},0
5236A3457AB2264991432C3C5F853AAB,<MasterList>{0},<Item>{107},0
9EA25E1A72DAA84F97D286B99A1C79E4,<MasterList>{0},<Item>{108},0
8B86F2C049C4ED4984F3A142ABA7FBBD,<MasterList>{0},<Item>{109},0
AF9BA00CFD46AA4EBED2BC905E6A8E15,<MasterList>{0},<Item>{110},0
9CDE817A46A70C43A1401FA155A5473C,<MasterList>{0},<Item>{111},0
553308161AE9014AB0ADE83ADD983115,<MasterList>{0},<Item>{112},0
CAFAF3FABEB37946BCA6A106024848F7,<MasterList>{0},<Item>{113},0
43723EC2A2BB0D4B919AADDCB2B8B09A,<MasterList>{0},<Item>{114},0
0637DE7404A986419499224CF5D2972B,<MasterList>{0},<Item>{115},0
3134C6EF506004429189FE6FFDA2C342,<MasterList>{0},<Item>{116},0
7A530E037D1069409A1ECC4DDA789D31,<MasterList>{0},<Item>{117},0
443834669EA9804FA1886F1EEFE88CB0,<MasterList>{0},<Item>{118},0
19741189B8053B4DAFE753292831320F,<MasterList>{0},<Item>{119},0
22B0890A55DEF748884039AB471E0DDA,<MasterList>{0},<Item>{120},0
D8A720D8E784BB4AAEAC2B795AA66BB8,<MasterList>{0},<Item>{121},0
A392ECDAC8D56B46A10CE16A8353C57A,<MasterList>{0},<Item>{122},0
AAC2651026B4F34DB7828F088D4A280E,<MasterList>{0},<Item>{123},0
D78B31CD7572FE46A80B012E90FAD8C9,<MasterList>{0},<Item>{124},0
8B4980E0ED108E4595BF73DB4710AB8F,<MasterList>{0},<Item>{125},0
82FB06FCB4FC31428177C83F46D039E3,<MasterList>{0},<Item>{126},0
DC1F52AFEE52BF45A32D1E628A27DC60,<MasterList>{0},<Item>{127},0
21144C11C11C354890205A4CA23C0A08,<MasterList>{0},<Item>{128},0
29AA02FC3D017A4D90882314F99CFAE9,<MasterList>{0},<Item>{129},0
31EF8BA78B0F0E408508EC6E5827D9A5,<MasterList>{0},<Item>{130},0
4847340B7AF56F4DB1CE959037025211,<MasterList>{0},<Item>{131},0
A63DDFCCF340704DBCB5C21C4073BEAA,<MasterList>{0},<Item>{132},0
1F084A07A9C8F04383825F81B5820A7A,<MasterList>{0},<Item>{133},0
D733E916EE96C3458EE45E72B6F50F9F,<MasterList>{0},<Item>{134},0
EAE3E4A311D63240AEA7E040BBC0147E,<MasterList>{0},<Item>{135},0
199CFE04DB38D04B9CA5D51F2C6E8C45,<MasterList>{0},<Item>{136},0
61818095EAB1AC40B274571D2F343AC8,<MasterList>{0},<Item>{137},0
A7451762BE960545ACD38CD829051E4A,<MasterList>{0},<Item>{138},0
3CED21BF5E20EC459FE6C3CFB6E1A378,<MasterList>{0},<Item>{139},0
4BE266092ED40F4DA375150F59A45853,<MasterList>{0},<Item>{140},0
EE75B2E00C8E27418AE7DE9E31D17C82,<MasterList>{0},<Item>{141},0
68D7A688D738E44DBC659000D89C76AE,<MasterList>{0},<Item>{142},0
8F4DCF17325858488268732774B777D0,<MasterList>{0},<Item>{143},0
03AFA5FD0B88724B8184CC15F6B5B788,<MasterList>{0},<Item>{144},0
E7942F0B883C124FB4F05C9115587C4E,<MasterList>{0},<Item>{145},0
E413449F8507BA428B4FF661264FA127,<MasterList>{0},<Item>{146},0
E8C140BA57C6AE498DE78B5EC1BB0A62,<MasterList>{0},<Item>{147},0
1A12BBC3A751934DBF71F13134A79A8E,<MasterList>{0},<Item>{148},0
BE2F02D126AFA04CB9CEC39DDCAB3C25,<MasterList>{0},<Item>{149},0
50B35BC58F9F8F42AB656B457ED517D0,<MasterList>{0},<Item>{150},0
B730A6AF1FB7B840AB051FFE7EF27EDB,<MasterList>{0},<Item>{151},0
B81A972F1FE0594EA612D90FDFF25D99,<MasterList>{0},<Item>{152},0
68130AE0FBE35643A9EAA28996FBA8E5,<MasterList>{0},<Item>{153},0
39252FAC5279F54493D223D69D534892,<MasterList>{0},<Item>{154},0
7DC0720E7CDF88409A2F271325F706BD,<MasterList>{0},<Item>{155},0
5F44E032B174A04CB74941BF13AB51C0,<MasterList>{0},<Item>{156},0
23CCC15B17197A40983534CA4B43A0C4,<MasterList>{0},<Item>{157},0
DDE08F7F926AAF44A407AB14AABADFFC,<MasterList>{0},<Item>{158},0
79EA0ED6BEEB9B4B9D26B5D69FE4F497,<MasterList>{0},<Item>{159},0
C79E0F43CCA5BA45AA47499D2D3EA769,<MasterList>{0},<Item>{160},0
21D6CAE089F24148A98A4A118740FC00,<MasterList>{0},<Item>{161},0
C1263D98FAF3E84698E75289A48C3B1A,<MasterList>{0},<Item>{162},0
9CDA1307A1A63C4A99F630A06454E641,<MasterList>{0},<Item>{163},0
15E779B926841A4C8AE6475748CC2D4D,<MasterList>{0},<Item>{164},0
BC0C823CE4587A40B05FAE14988B9BCB,<MasterList>{0},<Item>{165},0
89C73DF466E65343B7994F01BDF2CAC9,<MasterList>{0},<Item>{166},0
F144697DB513094B96969147651AFA8E,<MasterList>{0},<Item>{167},0
EF4EF0C875F48C4DA6BAE0285C59B661,<MasterList>{0},<Item>{168},0
5F87647A12A55D419B3D2BD13E43A968,<MasterList>{0},<Item>{169},0
0E1E6EF33F008245AB8E8092BA7BA049,<MasterList>{0},<Item>{170},0
9098ECD28C61C24484E64F4521C93E20,<MasterList>{0},<Item>{171},0
DD8C515DA8B9254DAC327965DC3F9FB2,<MasterList>{0},<Item>{172},0
2E020EF794343E429370EC988747FD73,<MasterList>{0},<Item>{173},0
DFFD0FEB63A111439C6AD096166927C5,<MasterList>{0},<Item>{174},0
E804F42C57BDBF4B837DB77F5C1241F5,<MasterList>{0},<Item>{175},0
6C7075ADA4986B4BB07679F8BCBD4147,<MasterList>{0},<Item>{176},0
6AE984585C95F94D982D06170F12750D,<MasterList>{0},<Item>{177},0
657553E123D3EB41836AB5CCA79FA86C,<MasterList>{0},<Item>{178},0
61BCB756B3EACD4AA7D68F44EAE590AC,<MasterList>{0},<Item>{179},0
96301B531B05554B880FCC9B4E979750,<MasterList>{0},<Item>{180},0
16852FA18E686E43955E9C2181565550,<MasterList>{0},<Item>{181},0
6F16090BA86EB84B9561C3E1EE420014,<MasterList>{0},<Item>{182},0
6EF183465EA16648B3A836B4E7C8CDEA,<MasterList>{0},<Item>{183},0
10A6AFBE8EBC734EA77E72129A02065C,<MasterList>{0},<Item>{184},0
1A892FF57B507D40B2C6550D5266C6B7,<MasterList>{0},<Item>{185},0
668C5D79BAC428488116482BBDE867F7,<MasterList>{0},<Item>{186},0
F215CE0DD37B6D45B75338D786C8B63A,<MasterList>{0},<Item>{187},0
15E5124D009E794984508DCB1D4B5734,<MasterList>{0},<Item>{188},0
752B1CB8A6C9E44689EA5838BCA8393F,<MasterList>{0},<Item>{189},0
49445744EF6C86428412584BA7B0C7BA,<MasterList>{0},<Item>{399},0
9FA606441B3CD743918AFDD9CDD3899E,<MasterList>{0},<Item>{191},0
9C1F105382020F43BE403E5786717025,<MasterList>{0},<Item>{192},0
B0BA5DE60916484CA3D36E5B099F6B99,<MasterList>{0},<Item>{193},0
E567E9F2E9814847B61BFAA093EC1DCE,<MasterList>{0},<Item>{400},0
CABA0DBCE3156F4AA01A1BE8BDDAB497,<MasterList>{0},<Item>{195},0
D10CFA67C5138743912D4B0657E82CBD,<MasterList>{0},<Item>{196},0
153F0F386DB22942988A8FE09B5396B3,<MasterList>{0},<Item>{197},0
39F508B4E7DBA2499BDD37478E0A058B,<MasterList>{0},<Item>{198},0
3D62A6DF96927844BDEED834460A3474,<MasterList>{0},<Item>{199},0
ADB7BBD60D0A604FBFE2AB1ABB7FC9CD,<MasterList>{0},<Item>{200},0
7ED6291B2423534691E53761F4E3F2A7,<MasterList>{0},<Item>{201},0
3A03214CDC6A324EB5848F1365C69ECB,<MasterList>{0},<Item>{202},0
20EE31251C8CC640BEDC47B1B31DD3F4,<MasterList>{0},<Item>{203},0
9AD3BD2E5E979E4091E126CC1558215B,<MasterList>{0},<Item>{204},0
4CF2CF05C030FA4587A484BCAD84BE8D,<MasterList>{0},<Item>{205},0
2A621D843971224B93D06A58036AACF5,<MasterList>{0},<Item>{206},0
A149F53C1D3B994390D9874043B00D21,<MasterList>{0},<Item>{207},0
9AA92F94A82F0249B38B03ADBF034ACD,<MasterList>{0},<Item>{208},0
8494B6A446EB294EAD2F45B39BCB5A89,<MasterList>{0},<Item>{209},0
487502D1A2AEBB46ACE732DA43039A57,<MasterList>{0},<Item>{210},0
5990089B71D4204AB6463A2B4123C6BB,<MasterList>{0},<Item>{211},0
C8C925E73856F749BDA3C76D311A280B,<MasterList>{0},<Item>{212},0
B397669037F62941B8FDED6F2FB3CC4D,<MasterList>{0},<Item>{213},0
801099BEEB01C940B12F4545B62F6EED,<MasterList>{0},<Item>{214},0
E68F8365DA639D4C86FC496F8EF0BFCF,<MasterList>{0},<Item>{215},0
DE6F6DE530061748835E2B6008C3947C,<MasterList>{0},<Item>{216},0
05F44CD6CC4E114B836658FF27AED13A,<MasterList>{0},<Item>{217},0
81483F5699B3CA4BBB0AD48A8A3FBFE4,<MasterList>{0},<Item>{218},0
F1E1F42D7B082841BCB9A5E4FA534169,<MasterList>{0},<Item>{219},0
332E3C09D04B094985AB4669D5A04705,<MasterList>{0},<Item>{220},0
660B1875515DB34288B8B44CAB45BF24,<MasterList>{0},<Item>{221},0
20C4CF59BC2E3B4EA143F5FD8D3B7FB8,<MasterList>{0},<Item>{222},0
D7ADAFF10003EF46B3E9341867DA13F1,<MasterList>{0},<Item>{223},0
72231F40C1CE8849BAB71E1322A0CB28,<MasterList>{0},<Item>{224},0
3D976A638D068241AA76CDBC6604308E,<MasterList>{0},<Item>{225},0
7E2C2D032DDE2643A08DC7FD2A28D0A6,<MasterList>{0},<Item>{226},0
C52FAEF2DBD6374592EC06341D63E611,<MasterList>{0},<Item>{227},0
447782BEAD9CED4D8EAB4C1B9658A4C3,<MasterList>{0},<Item>{228},0
418BC97E893B7D4792F1C622E517D607,<MasterList>{0},<Item>{229},0
8F2A628EE68B1647B64C54B65B27F5BE,<MasterList>{0},<Item>{230},0
5B8B8DE8B3976B468B2031D65B1592FB,<MasterList>{0},<Item>{231},0
508DC5DD07AA4648B5A56441CA9E2DB1,<MasterList>{0},<Item>{232},0
042FBDF0295B0049955A76B102DBEF73,<MasterList>{0},<Item>{233},0
6CEBB45F4A37974A8ED72C22D21B690E,<MasterList>{0},<Item>{234},0
4286BF8AFB2D8B4EB4BEB4AA86608D73,<MasterList>{0},<Item>{235},0
B9358B2D5529AB4CA7209A498204196D,<MasterList>{0},<Item>{236},0
2C6D2A437278FD42B8038314E5F9E846,<MasterList>{0},<Item>{237},0
837C6BC25225B0439C99A75AA813EB89,<MasterList>{0},<Item>{238},0
1B0D355A352A25468F240558DD8D914E,<MasterList>{0},<Item>{239},0
C34B1EFE9AA3C14CB019935094270EB8,<MasterList>{0},<Item>{240},0
785974CB43C96F47BAA81A33A9030AB7,<MasterList>{0},<Item>{241},0
4C4388461E3110418C7E53D79D9BD8BC,<MasterList>{0},<Item>{242},0
FB7ADFFB94BF6B47A59CCEAC61BB4933,<MasterList>{0},<Item>{243},0
65D430F28A8B554D9E2677806737E2C7,<MasterList>{0},<Item>{244},0
D91D0AF845366A40A7E7DCCC901AFB91,<MasterList>{0},<Item>{245},0
17FC419C619C2042BCB0A7035B7C3566,<MasterList>{0},<Item>{246},0
B242C0E725202943912DA7B5495E047D,<MasterList>{0},<Item>{247},0
0649DADE2CC989428173CBDED72B31B4,<MasterList>{0},<Item>{248},0
23289F7CF1EBDA48AA2A240E4F69483F,<MasterList>{0},<Item>{249},0
945AFE0A65355744A936C60DA3AECF41,<MasterList>{0},<Item>{250},0
BCB2724C37AA3044836EFA9942D404AF,<MasterList>{0},<Item>{251},0
C8214CACEA954943A9D8EEEB7EC355DB,<MasterList>{0},<Item>{252},0
F466FF6B8AEB1C4A91853DF3F4519316,<MasterList>{0},<Item>{253},0
741E9D155D84AA48A56562B47DF42BB5,<MasterList>{0},<Item>{254},0
13DFAFC3E9684B498A7436E933C5B9AF,<MasterList>{0},<Item>{255},0
82340FB33F177F408CCF96D95B726838,<MasterList>{0},<Item>{256},0
E4C1D419C185DD4799C202ECB54CCD7E,<MasterList>{0},<Item>{257},0
561BA633CA46F541B3216DD4BFE8E1B0,<MasterList>{0},<Item>{258},0
663CD5B6B1B29142A57CB99C65DD52F0,<MasterList>{0},<Item>{259},0
A7BE029D1C063748B9DFA149227E8BD7,<MasterList>{0},<Item>{260},0
399ECE3DB5D6A946A39FF6A633543FDA,<MasterList>{0},<Item>{261},0
7D3B285A3084674098F3F60EE600CCA0,<MasterList>{0},<Item>{262},0
8C54893D2E4CAC4D9A5AE1AB793C3AE5,<MasterList>{0},<Item>{263},0
6B4B100086943F43A2D7DFDB68D15B44,<MasterList>{0},<Item>{264},0
1B0B76FFABF66940B4D21A81471164BD,<MasterList>{0},<Item>{265},0
EE31F6F51F97C74CBC001FBAEBBCA4C1,<MasterList>{0},<Item>{266},0
C19DFCD988E310479CBD8EF3DE981B4D,<MasterList>{0},<Item>{267},0
C340D1950BC90740B5533EDD941C7CEF,<MasterList>{0},<Item>{268},0
D19B15C630BF4C4DBC7336F806DE5349,<MasterList>{0},<Item>{269},0
AC8E75CD38C38D439EB9AFE199A7328D,<MasterList>{0},<Item>{270},0
84872FB2EE8A3A4EBFE9CAA143481818,<MasterList>{0},<Item>{271},0
B0ADC70E11BBA54DB4E014C8B237FB4D,<MasterList>{0},<Item>{272},0
F1AC6440CF1C6940892579F7DF837796,<MasterList>{0},<Item>{273},0
37CA0575A0937646AEB97FA6122635CE,<MasterList>{0},<Item>{274},0
BCE1BF33BAA940409AEA0B585CC47631,<MasterList>{0},<Item>{275},0
8F43E0E85BE92A4A858408E47B87955D,<MasterList>{0},<Item>{276},0
7B4773A833CDF049B2691DFF0FF56267,<MasterList>{0},<Item>{277},0
313CDE23C1B42B49917795B224125B22,<MasterList>{0},<Item>{278},0
00629DC74536DA4F90271C18E55F527F,<MasterList>{0},<Item>{279},0
4AF6CFD45D4A294C9BD1769B2776390B,<MasterList>{0},<Item>{280},0
F63593917CFAB14D831F9F9921D1DD17,<MasterList>{0},<Item>{281},0
DE649743DC72EC419B1D9FADBB264102,<MasterList>{0},<Item>{282},0
5230041E74A24E42B87000129D905000,<MasterList>{0},<Item>{283},0
158E599F68F31943B5CB5326D458EAC5,<MasterList>{0},<Item>{284},0
4077B32345E9B343AF87F042F4B8CFAA,<MasterList>{0},<Item>{285},0
1E09E15D3D920B4F862646D9C2C05746,<MasterList>{0},<Item>{286},0
C7C5B5054ED15845BD5C57207AEF7257,<MasterList>{0},<Item>{287},0
C34C8B6D472D264C8D632FF9E8188351,<MasterList>{0},<Item>{288},0
1CBE6C2C8C7E7945AD4B57E16A4AE1FB,<MasterList>{0},<Item>{289},0
706915D227C41B46AC7C25A251145B6C,<MasterList>{0},<Item>{290},0
9DFBC62E239A4C418875CE7BCAB16A66,<MasterList>{0},<Item>{291},0
1EEF5B19332AC5488580DE39882E6705,<MasterList>{0},<Item>{292},0
D9EAF1DD6BD561408BD917576E065E55,<MasterList>{0},<Item>{293},0
593053364C1CB745906FE2F0E165B563,<MasterList>{0},<Item>{294},0
E283A4D478D8D3468FBB70E27C8BC42F,<MasterList>{0},<Item>{295},0
FC6747FA304ED244B8BFC439B53C03BE,<MasterList>{0},<Item>{296},0
3F2561C82835864293A69F86F3B77B00,<MasterList>{0},<Item>{297},0
B78EB746C26FFC41BDC694872A0553E5,<MasterList>{0},<Item>{298},0
9B471A5CF467464D8FD046FB60489B1D,<MasterList>{0},<Item>{299},0
CE5DB0864C20C04E8CC0A35F3416B86D,<MasterList>{0},<Item>{300},0
C64A8C98E46D7349BD37CD869D41D200,<MasterList>{0},<Item>{301},0
420BE2EE9015924096EAA0E8CE1517E9,<MasterList>{0},<Item>{302},0
11B695C450496741AACC56C6DC7988E0,<MasterList>{0},<Item>{303},0
8D4C1AA9709C45468B2BC16E645FF3FE,<MasterList>{0},<Item>{304},0
2F454D25453C27438D1EA05C1BAE73B3,<MasterList>{0},<Item>{305},0
914530702136B74C8FCD356E42C2DB27,<MasterList>{0},<Item>{306},0
194DFAE7F6E7CB4DB317FEBDC64366BD,<MasterList>{0},<Item>{307},0
59A0B75A617A8440A6D5EA346C52C033,<MasterList>{0},<Item>{308},0
574F68D164CEE6448F8373A2437D5B71,<MasterList>{0},<Item>{309},0
C5A3D98141A792438040D0BB84B6A649,<MasterList>{0},<Item>{310},0
DF5E86AE6DD9674DA0AE3E554E9482A9,<MasterList>{0},<Item>{311},0
2EDD9EA6BFC5064FA874B428F600D5F5,<MasterList>{0},<Item>{312},0
FBDA94E411DFFB4D91CC3FBC50960FE7,<MasterList>{0},<Item>{313},0
0432E43D1C89884AA2E11C83BEFEB8F5,<MasterList>{0},<Item>{314},0
507F93CC4640FE41A935BA3E4C14BB17,<MasterList>{0},<Item>{315},0
84978278037A3F4B8E1C179B2D332501,<MasterList>{0},<Item>{316},0
7956B81B47692A49A9D096B36184CB37,<MasterList>{0},<Item>{317},0
E88222566B3C584B9FC2B4073558E6B0,<MasterList>{0},<Item>{318},0
DFBFA81FE7271145B85CBAA182A6E03A,<MasterList>{0},<Item>{319},0
4E93D83B23D42F43A1ECADA60A7110F1,<MasterList>{0},<Item>{320},0
F6B390629E93344C8E4BFF1800F69D70,<MasterList>{0},<Item>{321},0
5A782F66E77D2641A54AE8B8FDD07291,<MasterList>{0},<Item>{322},0
5C872CD332924549AC42232559F34E6F,<MasterList>{0},<Item>{323},0
E7FFF354A376B94CBAFDE35156592A2E,<MasterList>{0},<Item>{324},0
98BC9C40EFD206468B9B807212544BDF,<MasterList>{0},<Item>{325},0
27A0240DC089C1418B79A9F407D64314,<MasterList>{0},<Item>{326},0
D2FC2F578BA9A14CA0FD58353FAD142F,<MasterList>{0},<Item>{327},0
B75076BE26A01B44BF824D6ED74B0281,<MasterList>{0},<Item>{328},0
1C793976DFD0E04FA6577B103A0BFF9E,<MasterList>{0},<Item>{329},0
A46E6FA32A595E4FA0EDC1AFC5B9B640,<MasterList>{0},<Item>{330},0
79812BB09E3021499E1137178AF9FE3F,<MasterList>{0},<Item>{331},0
29A1A24D01A390409AC725C839EE0AD8,<MasterList>{0},<Item>{332},0
609308DEF1388E49BE228F953E6F7C79,<MasterList>{0},<Item>{333},0
9612181D51E8144ABA6BEEAF657A3A46,<MasterList>{0},<Item>{334},0
7383A4C96DA3EE4CB86D692373CE83EE,<MasterList>{0},<Item>{335},0
C22A4AA6CB3F4E459B6526EEAF87A758,<MasterList>{0},<Item>{336},0
F5F36B9AA6A9D140883AD2C479A7598F,<MasterList>{0},<Item>{337},0
663A1A4B00F6B04FBAAACFFCAE1328DB,<MasterList>{0},<Item>{338},0
E765F7526810704DA531709118E213CB,<MasterList>{0},<Item>{339},0
AFB613C4D89B05478A7967CFA3AA4D74,<MasterList>{0},<Item>{340},0
47631F0211002948AAE6AC8F78B9B19F,<MasterList>{0},<Item>{341},0
69DB348AE86A704ABEB204C62B9BD189,<MasterList>{0},<Item>{342},0
0BFBBF296917934FA056C0F6254CDC26,<MasterList>{0},<Item>{343},0
3DE82F10FD85544FA0A0A824D1460E40,<MasterList>{0},<Item>{344},0
F00E1A7C401D884AB4E496574FE87795,<MasterList>{0},<Item>{345},0
714DFEC58500244CAE1F5EB1F82A650A,<MasterList>{0},<Item>{346},0
B26A22E9450C9C48906CF5CC1075765C,<MasterList>{0},<Item>{347},0
17C50DCE833A624390173690A0A20DE2,<MasterList>{0},<Item>{348},0
C0CD1AD4513BDF4980C398B2DDF484C9,<MasterList>{0},<Item>{349},0
6ECB5E7C6953E2499173E9449A02CB1A,<MasterList>{0},<Item>{350},0
8A74A442100D424A8DE6749ADBB35968,<MasterList>{0},<Item>{351},0
66852502B1DC394DA828C8DC47C835E8,<MasterList>{0},<Item>{352},0
4BDB2A8B05A3F741BB5C738DECFA7FD0,<MasterList>{0},<Item>{353},0
B0711C48AC61C845906F53FB255AB0CD,<MasterList>{0},<Item>{354},0
DE34D8AC4E24D84291F49FFF684CD0F7,<MasterList>{0},<Item>{355},0
6FD1424604DBED418EB932A23A8B44AA,<MasterList>{0},<Item>{356},0
EB68D5AAC639EB4A88536C9DAF76EA7A,<MasterList>{0},<Item>{357},0
38342AB06C91884DA1724EAAB8B193D0,<MasterList>{0},<Item>{358},0
064A801461D3204DAB70A98F200F036F,<MasterList>{0},<Item>{359},0
9FAB73D88AB23E4C97B9148B20ABE91C,<MasterList>{0},<Item>{360},0
288B9F500DD22A4984114F2005E00251,<MasterList>{0},<Item>{361},0
EA06EE19E6F7D34F9990C5C94055906F,<MasterList>{0},<Item>{362},0
609BB63CB617444D908B47BBAAAEEC1C,<MasterList>{0},<Item>{363},0
46EE447F39F17346B4C97EE083EA3A4C,<MasterList>{0},<Item>{364},0
7C2E4B6FD46519469317EB8A960C2F5D,<MasterList>{0},<Item>{365},0
10FB498DE649A344B8179EC96D3007C9,<MasterList>{0},<Item>{366},0
5B81D0F6E391B74FBAE6BE9EA598806C,<MasterList>{0},<Item>{367},0
5BB6BEB4BA88234E8BD20364E64C6ADD,<MasterList>{0},<Item>{368},0
22A0AE9832FEB941976EBA1B88FAEFDB,<MasterList>{0},<Item>{369},0
2662FE4B94FE364CACFA89DDF91BE164,<MasterList>{0},<Item>{370},0
6AB6E76B0BF3AF45812776646752A717,<MasterList>{0},<Item>{371},0
D04351F58D7068448D65FF55812CBBB3,<MasterList>{0},<Item>{372},0
5E2A4F05E72B5F4183F38168F05AE868,<MasterList>{0},<Item>{373},0
6E2455055B00A746B0C9EA5AD7D75EB6,<MasterList>{0},<Item>{374},0
27D0AB5E9CA12C4BB9DB5235236D4749,<MasterList>{0},<Item>{375},0
0F8AE71290CFD242AB4A12F066F46987,<MasterList>{0},<Item>{376},0
21C135DDF4F7A347A2F12B66021B1243,<MasterList>{0},<Item>{377},0
DCB63F12B8C7AB419FB7B028569E6E17,<MasterList>{0},<Item>{378},0
B3826A0808727A499D572FF8F0A94565,<MasterList>{0},<Item>{379},0
D19D0E03338ED944858AED2981291FAC,<MasterList>{0},<Item>{380},0
ED41D22FF30A2A45B9447C55CAFF93B3,<MasterList>{0},<Item>{381},0
F5675FCE4BAE2549B777BB37BEB5906B,<MasterList>{0},<Item>{382},0
F38BA4FF4C4380438BF9012266F7FAB9,<MasterList>{0},<Item>{383},0
98DBAD3ECDF9FB408310C11C499F858B,<MasterList>{1},<Item>{2},0
5C48AE2B03215945AAA1F60B15EC3A12,<MasterList>{1},<Item>{12},0
F60072464538CA49A4CB17C1BE95FD32,<MasterList>{1},<Item>{5},0
1D7C5237D7B9F842B594A58F69622D5D,<MasterList>{1},<Item>{22},0
67EA83733377044F8C936C930CA7C87B,<MasterList>{1},<Item>{25},0
72BA62099A0F674C84C0EBB89E316686,<MasterList>{1},<Item>{28},0
88E557488681BF44B11F1F7B160B8CCF,<MasterList>{1},<Item>{29},0
4A0BC0E1B6D9EC4EA1ED1B798E29C39D,<MasterList>{1},<Item>{32},0
74683B0565B25F49A61FB81575EEA461,<MasterList>{1},<Item>{33},0
85173DAA2A0FFA4F9802D045DB5F9F37,<MasterList>{1},<Item>{36},0
C5D77083382C3B46926970CEFDCC9B45,<MasterList>{1},<Item>{41},0
5B155C00E9D862418614647ECDE02F88,<MasterList>{1},<Item>{44},0
3C3BE7C0E0FDA14E8470805E0CE95232,<MasterList>{1},<Item>{42},0
A016714E9A2BED41A8286EF05584EAFB,<MasterList>{1},<Item>{43},0
430D4791EE163741A5EC1456F6402509,<MasterList>{1},<Item>{56},0
AE034B7D2725E640A4AFBBA97AB228C6,<MasterList>{1},<Item>{47},0
BB44D43445C7E146845D6C7FFF5D73DA,<MasterList>{1},<Item>{50},0
EB6FAB74BEF2DA41A0FDE1F98D271FD1,<MasterList>{1},<Item>{54},0
F207BD9DCFCD17439AF2775D04C8B013,<MasterList>{1},<Item>{58},0
ECB85F4A2C523D428E74ECA06D59CB0C,<MasterList>{1},<Item>{69},0
6704223ADECF854AB260F4182544FED8,<MasterList>{1},<Item>{67},0
DF593D2824025744B254EA6147CDDCD9,<MasterList>{1},<Item>{55},0
F0805A0E2C6B484F85E97C727D54C278,<MasterList>{1},<Item>{59},0
D2F3E2D9F2627949B31EB25C8794D3B6,<MasterList>{1},<Item>{68},0
BD0B5ECC47CA334C801DDC36C860054A,<MasterList>{1},<Item>{75},0
64D9D04543520042A070A27BCF4A3625,<MasterList>{1},<Item>{80},0
B0EE90BD800FF84BAA9E7FF06D9477C0,<MasterList>{1},<Item>{391},0
8B95D0D471A40B48BCA2BFAAC7F907A8,<MasterList>{1},<Item>{85},0
045F1D72A9A44F4F91E11F7BA05DF1CA,<MasterList>{1},<Item>{79},0
5CA9F53ED5CDF9499AC0174D41EC699F,<MasterList>{1},<Item>{77},0
4765671DBED1964D8CB602086EA5680F,<MasterList>{1},<Item>{76},0
3CADBEECC323104388A27D3DC926E719,<MasterList>{1},<Item>{78},0
4D95E5B30435394F984065E08307871F,<MasterList>{1},<Item>{86},0
C9EF2FA394F163448C7165BCBD19198C,<MasterList>{1},<Item>{88},0
2A85843552F86E4DB7A86165F20D8DBC,<MasterList>{1},<Item>{92},0
55E1C5CF158E3C4BA7FDB82EF2BDAD7E,<MasterList>{1},<Item>{94},0
A9BFA9B021F024459B7FC6C9A8B0F2D3,<MasterList>{1},<Item>{93},0
B6D5DB6EFF34BD46BBF48AD145C8AA1E,<MasterList>{1},<Item>{108},0
99B681ED5FF5B54D8396FDE7EE083470,<MasterList>{1},<Item>{140},0
E7EE32881999794099BF0667762BD0D7,<MasterList>{1},<Item>{143},0
1C01E0875449C34BAD3CD90501AFACD6,<MasterList>{1},<Item>{183},0
EEB12F35549A8F4E9A88E371F84C4BD6,<MasterList>{1},<Item>{149},0
C30473B6B7CE424896B67649D46C5B3F,<MasterList>{1},<Item>{170},0
C2F7BD3ECCBEA147955C4015F4521613,<MasterList>{1},<Item>{177},0
9DE4BC9E56B787419A320084C7C11716,<MasterList>{1},<Item>{95},0
95CFBDEF6CE5B546B3EB19058F55BC39,<MasterList>{1},<Item>{96},0
B6C00D312D2C064097C1DE6C8472564C,<MasterList>{1},<Item>{102},0
283872CE0012A94CB207003A2E6B31A3,<MasterList>{1},<Item>{110},0
1B8C14A597076D4BA03524993EB8E116,<MasterList>{1},<Item>{112},0
296A9FF83778BC4FA6B910A48244C303,<MasterList>{1},<Item>{116},0
AFEB615A8AE3ED4ABB123F6BC4717B80,<MasterList>{1},<Item>{131},0
F3C1399A375CE2428D19A790D292F172,<MasterList>{1},<Item>{134},0
0B04A2CB7D80A34DB552F5512138A3EA,<MasterList>{1},<Item>{139},0
FCEC30D58E6ACA4F9C5A10599BC0FB4C,<MasterList>{1},<Item>{184},0
247E032074943040BDC96000535D3BC4,<MasterList>{1},<Item>{147},0
C0A4E2035AEBD34BABEE55D4CF873B87,<MasterList>{1},<Item>{197},0
3A654E0053CA7F47A9E9F1C6A04F4ABE,<MasterList>{1},<Item>{199},0
5990AB70F0F4654CAE5EC04283C19602,<MasterList>{1},<Item>{258},0
F6C204F800F0684586A434C0A8326853,<MasterList>{1},<Item>{259},0
5FD99850ABB1EE4088BD607A557CFA13,<MasterList>{1},<Item>{260},0
963394DC6465D24D91ADA910A1533DDF,<MasterList>{1},<Item>{263},0
A8E715F41B0FEB409CA11FE046BB1E60,<MasterList>{1},<Item>{277},0
A6E4F239B3DD5B429F6B55E8592E111E,<MasterList>{1},<Item>{295},0
772A75F930269742ADCB3B3A9AD9E68E,<MasterList>{1},<Item>{298},0
FF6D61B3DC6DFC45B6E97D2447124C64,<MasterList>{1},<Item>{299},0
E0061BE32CAFE449BB52B69660C88BD7,<MasterList>{1},<Item>{311},0
165D0EBC6830EE458CA3C3522332F5F8,<MasterList>{1},<Item>{344},0
6AAC05CB96963F4A91F89AA2FE9ADAA9,<MasterList>{1},<Item>{352},0
78C408B691645B4DA664E7FCFE753A7F,<MasterList>{1},<Item>{251},0
EF3C074E09BF6A428C17634321F3A676,<MasterList>{1},<Item>{338},0
A0516B4EA191604BAAFBD165FBA5A7BF,<MasterList>{1},<Item>{339},0
DF9BBDC1556C62478CA97FC8EEE6BC9F,<MasterList>{1},<Item>{340},0
6779C9AF3135A642B5F22847B0E8DA36,<MasterList>{1},<Item>{52},0
9317E26FE5D2D64390A4C3D4224C06DC,<MasterList>{1},<Item>{113},0
59BA31E02D87B04B8501E1FA03883A07,<MasterList>{1},<Item>{162},0
5A729CD15173D14EBB0344A1D8E918C8,<MasterList>{1},<Item>{261},0
B9E259ED37F80B41802BA804E912688C,<MasterList>{1},<Item>{262},0
750E3CD101F51E48A089DF71B52174C3,<MasterList>{1},<Item>{266},0
C2F1B1CE964B9642A676EE85F7E49A1A,<MasterList>{1},<Item>{306},0
F232DF8D2587584A8F5421120883A22B,<MasterList>{1},<Item>{307},0
0FCF3A089F447A4A9F05C74A4C14D3A9,<MasterList>{1},<Item>{315},0
A8FEFE2EB74426439B08448E45535D97,<MasterList>{1},<Item>{316},0
D7B4D01E97419C4EA996DE74CF0DA9D0,<MasterList>{1},<Item>{343},0
4B46FCC01F614F429C652BF06551D5EE,<MasterList>{1},<Item>{345},0
3EA103F82D6E5843AA4A429A82B46DD5,<MasterList>{1},<Item>{309},0
7913516B0626B44F8A26DFF86B5EAF96,<MasterList>{0},<Item>{194},0
E8661D6784882147A91C3C40190DDCEA,<MasterList>{0},<Item>{190},0
D78EFA9106FA4A499953E9BF4FBB422D,<MasterList>{0},<Item>{384},0
A83AFB03347DE742B93E41F3C24AFA7C,<MasterList>{0},<Item>{385},0
441ACDDBB5054042977288F42FD4EEEA,<MasterList>{1},<Item>{141},0
A3FB4666F92F914CA9B1CB51DD7D3C84,<MasterList>{0},<Item>{386},0
3946D8EA2D7DCB4AAF370D5B32952813,<MasterList>{0},<Item>{387},0
C4C326A7A1919F43917D7DD826AFDE84,<MasterList>{0},<Item>{388},0
94F9163BE57EB14A8DCE617892833A87,<MasterList>{0},<Item>{389},0
27E76AB8F0073D439BB86636E338E97D,<MasterList>{0},<Item>{390},0
A0E5043CD7D9CE42BA70844FF3C3DAB7,<MasterList>{0},<Item>{391},0
3F2347754525164D95F4A62700961A65,<MasterList>{0},<Item>{392},0
34BC057C79EDDD41A7FF7535855372C6,<MasterList>{0},<Item>{393},0
201ED702C2C2024CA64B1AA8891DDE19,<MasterList>{0},<Item>{394},0
CCE7260A59ECE242AFFA99EEE4E460BE,<MasterList>{0},<Item>{395},0
A599C04790C8334C963BCBB89BC795E9,<MasterList>{0},<Item>{396},0
9CDAA53AA2FB174986F115A342D4EAA0,<MasterList>{0},<Item>{397},0
2F45F2560C878049B93E724355AFBABA,<MasterList>{0},<Item>{398},0
D08A5C2AAE86DE479FCF661A3D18EB8D,<MasterList>{0},<Item>{401},0
2F1D2B5C8D40864F8BDEA3B81789BBF9,<MasterList>{0},<Item>{402},0
43A1B2BD52F9AB4D8D2FF27E297C73BB,<MasterList>{0},<Item>{403},0
45AF3544F5CC944AA849FF24BF64733C,<MasterList>{0},<Item>{404},0
8818BF8D7FCC19429C249B97F1B9D8EE,<MasterList>{0},<Item>{405},0
EFF7E35221D0E746AD401C254E1DB4B0,<MasterList>{0},<Item>{406},0
D251D46520BD4A479EF6A221D405DA55,<MasterList>{0},<Item>{407},0
CD1E42688B314B419E7FDCB9A4F8F0A2,<MasterList>{0},<Item>{408},0
4DF9E601B3CB8F47B9BA6B1960F2EC16,<MasterList>{0},<Item>{409},0
A21D5A328C8C69469FC80CA93E650382,<MasterList>{0},<Item>{410},0
8D3A436D25B2EE4895AD732B8219BFE7,<MasterList>{0},<Item>{411},0
1A0C583C18FE8C45852CD82A325E8079,<MasterList>{0},<Item>{412},0
17F90EC44A476E4094A21FDB982003C3,<MasterList>{0},<Item>{413},0
6D8486866B39454B89F86883478B6D2A,<MasterList>{0},<Item>{414},0
C31AE2F0F8CA594092293F3ACE3E347E,<MasterList>{0},<Item>{415},0
BE65949F655402449E79E6BAA204937B,<MasterList>{0},<Item>{416},0
9084A69650C03346856DA71084292EC6,<MasterList>{0},<Item>{417},0
C3EE2AFED5D9E24D93B1CB22A4BA2D12,<MasterList>{0},<Item>{418},0
F5B9B3FDC8385B4081DE343819A6FE14,<MasterList>{0},<Item>{419},0
89D8081F0752984AA943805B555CEC88,<MasterList>{0},<Item>{420},0
92D1B6DF1F780E4B8F3DA23A0F7E7E36,<MasterList>{0},<Item>{421},0
BA95BDAA63B07846B4B10C66F99E90D8,<MasterList>{0},<Item>{422},0
FF70D7C13A4FA34C88C79592D665FA54,<MasterList>{0},<Item>{423},0
8ACA2F95EBDE03488DCED3E17D9C0DB2,<MasterList>{0},<Item>{425},0
FBCC54977027D743AF06823E2B180265,<MasterList>{0},<Item>{426},0
FE06DE3979590248A7B3E8F3EE21A1A8,<MasterList>{0},<Item>{427},0
A24FC970244DE143B25E7F057C69FC1C,<MasterList>{0},<Item>{428},0
C1FF9C0426B097488379671918DDAEE3,<MasterList>{0},<Item>{429},0
B1225FED9AA21847821CF48E9458AAE2,<MasterList>{0},<Item>{430},0
31FCB125798D0F4E8C6410668DD8E133,<MasterList>{0},<Item>{431},0
7A9C0F0D13D7394EA14F6D1E568609E0,<MasterList>{0},<Item>{432},0
5EB65633B6DECB4D901A5F2EDE5DC545,<MasterList>{0},<Item>{433},0
F4D1C7031D80F249B4FC5706F2C7FE98,<MasterList>{0},<Item>{434},0
AA3AC0E29D5E134B9518517402494DB5,<MasterList>{0},<Item>{435},0
92C797D1F5476048913526032E852436,<MasterList>{1},<Item>{101},0
6DA49B1B9BA9A64188F70BAF0A510D68,<MasterList>{1},<Item>{105},0
7622CA9A732ABB448FF80F9C70EA56B1,<MasterList>{1},<Item>{180},0
E8A574DE74FBA14C9E63DA2C4A84037D,<MasterList>{1},<Item>{130},0
1958A7E5D2D6494E98EBD8A6348E1D02,<MasterList>{1},<Item>{142},0
3A4C629D4E22D74CA5787506B3269037,<MasterList>{1},<Item>{153},0
2A3E02A105BFE64E805FFBB474ED0843,<MasterList>{1},<Item>{169},0
0DB20001DECA2744A742F4E0A7377A72,<MasterList>{1},<Item>{245},0
5ED356E5B687F04CB003E3C15EC05B85,<MasterList>{1},<Item>{247},0
8B3CEF18F5A4894DAE3525E2A8F9C4C9,<MasterList>{1},<Item>{246},0
DBC3107D38A59342BF5F9BBD30EF5FEB,<MasterList>{1},<Item>{210},0
49B0770F2163D246A9B396F59490867F,<MasterList>{1},<Item>{280},0
B1B4385E8C28D344B5463DC6F43F1A7C,<MasterList>{1},<Item>{281},0
4F8BC624D6AFEF4A86760F4CCD221525,<MasterList>{1},<Item>{283},0
1E5591E14D6AC54988216F69017F6C84,<MasterList>{1},<Item>{285},0
B3F1FA1EBD460245A0BB34D825771EBE,<MasterList>{1},<Item>{305},0
57D808B5687FAE49A8AC7003B13EB617,<MasterList>{1},<Item>{297},0
10838AEB78A200468734B671FA24867C,<MasterList>{1},<Item>{312},0
A63161AB4C33AD44A87EE93C2A846926,<MasterList>{1},<Item>{313},0
6F1BDC996412384FB3A13E4487BB6220,<MasterList>{1},<Item>{314},0
5C0CA6E214DC6F4AA09E53AB5408586C,<MasterList>{1},<Item>{296},0
C21B1ABB7BF8B3479C1E1406B5EE992E,<MasterList>{1},<Item>{387},0
135DDC847D1DD345B2A9B6399F963F04,<MasterList>{1},<Item>{389},0
4F8187F968BDAF4CA8C65D267A98D840,<MasterList>{1},<Item>{396},0
F01F12CD2DA77B4D8D35F1E57507C30A,<MasterList>{1},<Item>{397},0
2F9EB4C253FDF64D8E125FB610DDF234,<MasterList>{1},<Item>{398},0
7B03A59610E37F4A87C5D7D228F79BFA,<MasterList>{1},<Item>{402},0
A8760B3F47ABEF4BBCECD13C4291181A,<MasterList>{1},<Item>{413},0
05E7AD6C8D310149B212E7AF8C639227,<MasterList>{1},<Item>{252},0
C1974D40590E964A97D5BE0294AD54C8,<MasterList>{1},<Item>{271},0
E56035F573F76A45BD11B3C7263830AA,<MasterList>{1},<Item>{204},0
0849443591B54B429E8A8CBA5F12CCA2,<MasterList>{1},<Item>{46},0
BBAFC005581CC8409EF67B771F16BEA7,<MasterList>{1},<Item>{21},0
672B7DC104425540B526104B6B7C4EB7,<MasterList>{1},<Item>{294},0
830DD7B3AEEF0E4F801E63241FB5CAAE,<MasterList>{1},<Item>{348},0
3A37450D9D9E95468EFDF994A0A9AB59,<MasterList>{1},<Item>{123},0
78DC40ABF6281E4DA1EB473F34931444,<MasterList>{1},<Item>{235},0
0F58301A4ED973409B42AA4D13A022F6,<MasterList>{1},<Item>{373},0
C9F1CC22438423488CBDFDE5999527F1,<MasterList>{1},<Item>{230},0
F83186BD3C9FF0489A484C49BE4E8165,<MasterList>{1},<Item>{65},0
44B7848E84DE4347B907254E0B3FD950,<MasterList>{1},<Item>{51},0
E6E1EDDF09F1DA468B14F49380024DEA,<MasterList>{1},<Item>{349},0
FC6783153F4A2C458A0D0AF1FFEAD7E6,<MasterList>{1},<Item>{304},0
8FF729AF7916A54987A0866419BEAE04,<MasterList>{1},<Item>{302},0
A6DB420C6C5EFA44926CD51CF534682F,<MasterList>{1},<Item>{385},0
F15EBF34A060494BB4031E3EC81AF4CD,<MasterList>{1},<Item>{179},0
D25803D8E7B93B408AD2B0F4455C1357,<MasterList>{1},<Item>{288},0
4F41943EAC4C4A4D9F0F53038886F97C,<MasterList>{1},<Item>{291},0
8293ACB5113DD443965122FF16FC2115,<MasterList>{1},<Item>{354},0
E57818DAA4EA944D9D1F47CE8D0A39B8,<MasterList>{1},<Item>{209},0
3D7034BC3835C24EBB937F01D6936B3E,<MasterList>{1},<Item>{215},0
5CB64934DEF2ED4EB123AED55F5F78DF,<MasterList>{1},<Item>{390},0
A84274C57524E34E94D59CA516C2E557,<MasterList>{1},<Item>{353},0
3AE72583856F3B4DA9FE8CD44ACF9F09,<MasterList>{1},<Item>{264},0
2012FA4171DAA24E987CE71B346AB640,<MasterList>{1},<Item>{411},0
4012C078448FD246A05696D83D300BF5,<MasterList>{1},<Item>{133},0
D77A469AA8BB724BA54862B369CCDCE5,<MasterList>{1},<Item>{89},0
CCB51B31E21872489073AF6D4F406A98,<MasterList>{1},<Item>{23},0
A3F80C3861CEF343B40E727F6DBFA933,<MasterList>{1},<Item>{233},0
B9BF5F97209F84478A12D2CF74839E3A,<MasterList>{1},<Item>{331},0
EC97CE5C9C345E40855DD56652EA23F8,<MasterList>{1},<Item>{356},0
744E33DD4D5F9840B3EF54FD1186FC39,<MasterList>{1},<Item>{431},0
062240303317694C8C770E5F5C57220D,<MasterList>{1},<Item>{432},0
C956A4E1FC91C64790AE0D9BB5C0DB46,<MasterList>{1},<Item>{405},0
7EB4E5F75E1B544B91AC06B630FDAFD3,<MasterList>{0},<Item>{436},0
636049D0BF1089479DCE17C4A6398844,<MasterList>{0},<Item>{437},0
FD85112DAED0424B8C4F65187C4F1714,<MasterList>{0},<Item>{84},0
22E875D0503A47D8ADCB26BBB8774561,<MasterList>{2},<Item>{391},0
